,busA,busB,Zaa,Zbb,Zcc,Zab,Zac,Zbc,Baa,Bbb,Bcc,Bab,Bac,Bbc
line1,sourcebus,n2,(0.1701867214468917+0.3458123835798379j),(0.1735472990247294+0.33677207832649203j),(0.17164034117151059+0.34188409103127526j),(0.055906694453854495+0.16406595100182514j),(0.05499194550467722+0.12711029285915837j),(0.056666433885465335+0.13952456591002457j),0j,0j,0j,0j,0j,0j
line2,n3,n4,(0.21273346686727465+0.432265531096748j),(0.2169341893624611+0.4209651467707921j),(0.21455049256281067+0.4273551642158668j),(0.06988339851660648+0.20508247378639619j),(0.06873996287176518+0.15888789407674964j),(0.07083307349983854+0.17440573737426768j),0j,0j,0j,0j,0j,0j
